<?xml version="1.0" encoding="UTF-8"?>
<beans xmlns="http://www.springframework.org/schema/beans"
xmlns:xsi="http://www.w3.org/2001/XMLSchema-instance"
xsi:schemaLocation="http://www.springframework.org/schema/beans
http://www.springframework.org/schema/beans/spring-beans-3.0.xsd">

	<bean id="emp1" class="SpringUse.Employee">
		<property name="id" value="102"></property>
		<property name="name" value="Girisha"/>
		<property name="address" value="Bengaluru"/>
	</bean>
	<bean id="emp2" class="SpringUse.Employee">
		<property name="id" value="103"></property>
		<property name="name" value="Geetha"/>
		<property name="address" value="Mumbai"/>
	</bean>

</beans>